id,name,size.bytecode,size.static,start.jit,exec.jit,freq.jit,compilation.jit,size.dynamic.jit,start.interp,exec.interp,freq.interp,exec.spec,compilation.spec,size.dynamic.spec
17,_start,69,984,68250,0,0,4319607,984,72270.0,0.0,0.0,999999999999,999999999999,999999999999
15,__wasm_call_ctors,6,808,4388797,0,1,1806683,808,75590.0,0.0,1.0,999999999999,999999999999,999999999999
555,__wasilibc_populate_preopens,182,1296,6196360,0,1,5552220,1296,76160.0,0.0,1.0,999999999999,999999999999,999999999999
538,__wasi_fd_prestat_get,18,824,11749320,0,3,1927923,824,79930.0,0.0,3.0,999999999999,999999999999,999999999999
522,malloc,12,808,13681483,0,322,1811662,808,84420.0,0.0,322.0,999999999999,999999999999,999999999999
523,dlmalloc,6541,9304,15493835,0,324,98870654,9304,84950.0,0.0,324.0,999999999999,999999999999,999999999999
539,__wasi_fd_prestat_dir_name,20,824,114375129,0,2,2034043,824,109090.0,0.0,2.0,999999999999,999999999999,999999999999
552,internal_register_preopened_fd,280,1320,116412302,0,2,5793700,1320,110330.0,0.0,2.0,999999999999,999999999999,999999999999
526,calloc,109,984,122206812,0,2,3347815,984,111410.0,0.0,2.0,999999999999,999999999999,999999999999
665,memset,393,1200,125555977,0,13198,9190215,1200,115120.0,10000000.0,13194.0,999999999999,999999999999,999999999999
663,memcpy,1000,1824,134747412,10000000,144625,14596064,1824,118260.0,320000000.0,113044.0,999999999999,999999999999,999999999999
524,free,12,808,149344916,0,325,1700073,808,120260.0,0.0,325.0,999999999999,999999999999,999999999999
525,dlfree,1698,2224,151045619,0,325,23324389,2224,120650.0,0.0,325.0,999999999999,999999999999,999999999999
673,strdup,48,960,174371248,0,2,2501155,960,121920.0,0.0,2.0,999999999999,999999999999,999999999999
674,strlen,179,648,176873072,0,31,4617017,648,122240.0,0.0,31.0,999999999999,999999999999,999999999999
530,__main_void,214,1400,181500220,0,1,4661677,1400,143981.0,0.0,1.0,999999999999,999999999999,999999999999
532,__wasi_args_sizes_get,18,824,186162777,0,1,1862533,824,144590.0,0.0,1.0,999999999999,999999999999,999999999999
531,__wasi_args_get,18,816,188027630,0,1,1904463,816,150581.0,0.0,1.0,999999999999,999999999999,999999999999
446,main,7518,19832,189933323,0,1,110048682,19832,151861.0,0.0,1.0,999999999999,999999999999,999999999999
113,x264_param_default,826,2232,299983775,0,2,11656489,2232,155050.0,0.0,2.0,999999999999,999999999999,999999999999
18,x264_cpu_detect,5,520,311642824,0,2,1498982,520,156070.0,0.0,2.0,999999999999,999999999999,999999999999
427,getopt_long,22,824,313143126,0,8,1732663,824,161050.0,0.0,8.0,999999999999,999999999999,999999999999
426,_getopt_internal,4563,8008,314876529,0,8,73860322,8008,162110.0,0.0,8.0,999999999999,999999999999,999999999999
559,getenv,154,1120,388741282,0,2,5044448,1120,165781.0,0.0,2.0,999999999999,999999999999,999999999999
557,__wasilibc_ensure_environ,27,824,393786869,0,2,1937233,824,166321.0,0.0,2.0,999999999999,999999999999,999999999999
558,__wasilibc_initialize_environ,194,1360,395724952,0,1,4468108,1360,166921.0,0.0,1.0,999999999999,999999999999,999999999999
534,__wasi_environ_sizes_get,18,824,400193960,0,1,1775073,824,167590.0,0.0,1.0,999999999999,999999999999,999999999999
668,__strchrnul,354,1144,401971063,0,22,7064522,1144,169281.0,0.0,22.0,999999999999,999999999999,999999999999
669,strcmp,105,600,409037515,0,82,3465145,600,175330.0,0.0,82.0,999999999999,999999999999,999999999999
675,strncmp,144,624,412503740,0,96,4529787,624,179541.0,0.0,96.0,999999999999,999999999999,999999999999
115,x264_param_default_preset,1855,4792,417039177,0,1,23796649,4792,234890.0,0.0,1.0,999999999999,999999999999,999999999999
657,atoi,177,648,440840607,0,2,4695848,648,261891.0,0.0,2.0,999999999999,999999999999,999999999999
117,x264_param_apply_fastfirstpass,100,648,445540075,0,1,2739404,648,307931.0,0.0,1.0,999999999999,999999999999,999999999999
118,x264_param_apply_profile,335,1720,448281259,0,1,5989430,1720,308771.0,0.0,1.0,999999999999,999999999999,999999999999
358,open_file,71,992,454273270,0,1,2903135,992,317801.0,0.0,1.0,999999999999,999999999999,999999999999
608,fopen,102,1112,457177314,0,5,3431935,1112,318731.0,0.0,5.0,999999999999,999999999999,999999999999
661,memchr,371,800,460609899,0,44,7894234,800,319331.0,0.0,44.0,999999999999,999999999999,999999999999
596,__fmodeflags,103,1032,468505403,0,5,3101955,1032,321091.0,0.0,5.0,999999999999,999999999999,999999999999
667,strchr,31,864,471608138,0,20,2147074,864,321831.0,0.0,20.0,999999999999,999999999999,999999999999
549,__wasilibc_open_nomode,163,1024,473756491,0,5,3061246,1024,325441.0,0.0,5.0,999999999999,999999999999,999999999999
553,__wasilibc_find_relpath,95,904,476818877,0,5,2429514,904,326371.0,0.0,5.0,999999999999,999999999999,999999999999
554,__wasilibc_find_abspath,313,1408,479249281,0,5,8946254,1408,327011.0,0.0,5.0,999999999999,999999999999,999999999999
662,memcmp,75,584,488197125,0,11,3525396,584,330841.0,0.0,11.0,999999999999,999999999999,999999999999
546,__wasilibc_nocwd_openat_nomode,282,1240,491723911,0,5,5226229,1240,340291.0,0.0,5.0,999999999999,999999999999,999999999999
536,__wasi_fd_fdstat_get,18,824,496951160,0,8,1946303,824,341711.0,0.0,8.0,999999999999,999999999999,999999999999
543,__wasi_path_open,38,992,498903673,0,5,2547744,992,345471.0,0.0,5.0,999999999999,999999999999,999999999999
607,__fdopen,390,1712,501840738,0,5,7079551,1712,747921.0,0.0,5.0,999999999999,999999999999,999999999999
598,__isatty,103,968,508923489,0,3,3122215,968,756681.0,0.0,3.0,999999999999,999999999999,999999999999
621,__ofl_add,56,952,512049274,0,5,2645665,952,759271.0,0.0,5.0,999999999999,999999999999,999999999999
619,__ofl_lock,9,520,514695899,20000000,11,1585292,520,759891.0,10000000.0,11.0,999999999999,999999999999,999999999999
620,__ofl_unlock,3,512,516282072,0,10,1451612,512,760441.0,0.0,10.0,999999999999,999999999999,999999999999
589,fclose,154,1288,517764554,0,5,4559128,1288,809121.0,0.0,5.0,999999999999,999999999999,999999999999
590,fflush,362,1648,522324542,0,5,8480593,1648,809691.0,0.0,5.0,999999999999,999999999999,999999999999
606,__stdio_close,15,840,530806285,0,5,2067554,840,810611.0,0.0,5.0,999999999999,999999999999,999999999999
547,close,34,864,532874559,0,5,2271633,864,810931.0,0.0,5.0,999999999999,999999999999,999999999999
535,__wasi_fd_close,16,824,535147423,0,5,1898224,824,811282.0,0.0,5.0,999999999999,999999999999,999999999999
588,dummy,4,512,537060576,0,5,1467492,512,818131.0,0.0,5.0,999999999999,999999999999,999999999999
671,strcpy,17,840,538530768,0,1,1872673,840,824882.0,0.0,1.0,999999999999,999999999999,999999999999
670,__stpcpy,374,776,540404191,0,1,6685092,776,825202.0,0.0,1.0,999999999999,999999999999,999999999999
342,open_file,362,1640,547090933,0,1,7340361,1640,826971.0,0.0,1.0,999999999999,999999999999,999999999999
628,sscanf,56,904,554434124,0,1,2374354,904,830482.0,0.0,1.0,999999999999,999999999999,999999999999
655,vsscanf,89,1024,556809838,0,1,2767865,1024,831182.0,0.0,1.0,999999999999,999999999999,999999999999
650,vfscanf,3085,9968,559578993,0,1,69145904,9968,832262.0,0.0,1.0,999999999999,999999999999,999999999999
592,__toread,134,1056,628727007,0,9,4109647,1056,833342.0,0.0,9.0,999999999999,999999999999,999999999999
641,__shlim,73,608,632838414,0,5,2689444,608,837142.0,0.0,5.0,999999999999,999999999999,999999999999
642,__shgetc,228,1136,635530468,0,2,4768688,1136,838322.0,0.0,2.0,999999999999,999999999999,999999999999
593,__uflow,85,1032,640300336,0,2,3176925,1032,839111.0,0.0,2.0,999999999999,999999999999,999999999999
656,string_read,95,1064,643478281,0,2,3029615,1064,840562.0,0.0,2.0,999999999999,999999999999,999999999999
643,__intscan,1636,3464,646510246,0,2,28572797,3464,848022.0,0.0,2.0,999999999999,999999999999,999999999999
128,x264_reduce_fraction,93,600,675137964,0,4,3226695,600,910831.0,0.0,4.0,999999999999,999999999999,999999999999
609,fprintf,56,904,678366569,0,17,2286534,904,913672.0,0.0,17.0,999999999999,999999999999,999999999999
636,vfprintf,398,1568,680654123,0,77,6921382,1568,914222.0,0.0,75.0,999999999999,999999999999,999999999999
637,printf_core,9070,18952,687576734,0,154,210963388,18952,915492.0,0.0,150.0,999999999999,999999999999,999999999999
610,__towrite,94,624,898543162,0,82,3333446,624,920882.0,0.0,80.0,999999999999,999999999999,999999999999
617,__fwritex,234,1368,901878308,0,811,7125751,1368,924052.0,0.0,785.0,999999999999,999999999999,999999999999
638,pop_arg,565,1808,909006099,0,155,5807330,1808,936442.0,0.0,151.0,999999999999,999999999999,999999999999
676,strnlen,27,880,914815409,0,32,2119443,880,938502.0,0.0,32.0,999999999999,999999999999,999999999999
602,__stdio_write,316,1368,916940922,0,2197,7082212,1368,1036932.0,0.0,2197.0,999999999999,999999999999,999999999999
601,writev,115,984,924024744,0,2197,2918285,984,1038132.0,0.0,2197.0,999999999999,999999999999,999999999999
542,__wasi_fd_write,22,824,926944439,0,2197,1795523,824,1038902.0,0.0,2197.0,999999999999,999999999999,999999999999
343,get_frame_total,74,1032,928781452,0,1,2825684,1032,1306322.0,0.0,1.0,999999999999,999999999999,999999999999
615,fseek,179,1176,931608406,0,2,4558768,1176,1306982.0,0.0,2.0,999999999999,999999999999,999999999999
600,__stdio_seek,18,840,936168134,0,4,1930073,840,1308462.0,0.0,4.0,999999999999,999999999999,999999999999
599,__lseek,101,976,938099157,0,4,2863975,976,1308902.0,0.0,4.0,999999999999,999999999999,999999999999
541,__wasi_fd_seek,22,824,940964152,0,4,1774863,824,1309662.0,0.0,4.0,999999999999,999999999999,999999999999
616,ftell,164,1032,942744435,0,1,3958576,1032,1312722.0,0.0,1.0,999999999999,999999999999,999999999999
448,x264_encoder_open_96,3602,9072,946708642,0,1,53826438,9072,1320592.0,0.0,1.0,999999999999,999999999999,999999999999
124,x264_malloc,116,1032,1000537110,0,307,3355506,1032,1321722.0,0.0,307.0,999999999999,999999999999,999999999999
449,x264_validate_parameters,5027,10032,1003909265,0,1,79290192,10032,1335782.0,0.0,1.0,999999999999,999999999999,999999999999
19,x264_cpu_num_processors,6,520,1083201787,0,1,1641442,520,1337372.0,0.0,1.0,999999999999,999999999999,999999999999
346,x264_sps_init,1371,3032,1084845169,0,2,16789668,3032,1361742.0,0.0,2.0,999999999999,999999999999,999999999999
579,log2f,252,1432,1101637397,10000000,475169,4173997,1432,1369962.0,600000000.0,475169.0,999999999999,999999999999,999999999999
357,x264_validate_levels,1053,3920,1105813204,0,10,13575792,3920,1372862.0,0.0,10.0,999999999999,999999999999,999999999999
112,spec_strdup,62,984,1119391896,0,2,2667535,984,1396152.0,0.0,2.0,999999999999,999999999999,999999999999
450,x264_set_aspect_ratio,362,1456,1122063721,0,1,6556600,1456,1408022.0,0.0,1.0,999999999999,999999999999,999999999999
348,x264_pps_init,5489,5928,1128623431,0,1,74489593,5928,1417943.0,0.0,1.0,999999999999,999999999999,999999999999
132,x264_cqm_init,4643,8600,1203116924,0,1,116603583,8600,1423123.0,0.0,1.0,999999999999,999999999999,999999999999
556,sbrk,79,888,1319728517,0,77,3087805,888,1429763.0,0.0,77.0,999999999999,999999999999,999999999999
479,x264_rdo_init,850,3840,1322903712,0,1,24771421,3840,7948063.0,10000000.0,1.0,999999999999,999999999999,999999999999
51,x264_predict_16x16_init,81,584,1347689713,0,1,2103883,584,10852188.0,0.0,1.0,999999999999,999999999999,999999999999
59,x264_predict_8x8c_init,81,584,1349794826,0,1,2004943,584,10853638.0,0.0,1.0,999999999999,999999999999,999999999999
67,x264_predict_8x8_init,147,832,1351800670,0,1,2444954,832,10855018.0,0.0,1.0,999999999999,999999999999,999999999999
81,x264_predict_4x4_init,135,832,1354246883,0,1,2366994,832,10856138.0,0.0,1.0,999999999999,999999999999,999999999999
245,x264_pixel_init,1052,2024,1356614967,0,1,11866470,2024,10857638.0,0.0,1.0,999999999999,999999999999,999999999999
136,x264_dct_init,169,864,1368483707,0,1,2622744,864,10862448.0,0.0,1.0,999999999999,999999999999,999999999999
154,x264_zigzag_init,145,616,1371107491,0,1,2455005,616,10863618.0,0.0,1.0,999999999999,999999999999,999999999999
207,x264_mc_init,406,1080,1373563926,0,1,4620617,1080,10865388.0,0.0,1.0,999999999999,999999999999,999999999999
166,x264_quant_init,278,752,1378185803,0,1,3475375,752,10867368.0,0.0,1.0,999999999999,999999999999,999999999999
191,x264_deblock_init,111,800,1381662208,0,1,2319923,800,10869268.0,0.0,1.0,999999999999,999999999999,999999999999
153,x264_dct_init_weights,594,912,1383983212,0,1,6563572,912,10870508.0,0.0,1.0,999999999999,999999999999,999999999999
451,mbcmp_init,942,1600,1390548503,0,1,10260277,1600,10889178.0,0.0,1.0,999999999999,999999999999,999999999999
116,x264_log,177,1136,1400813840,0,17,4183417,1136,10938959.0,0.0,17.0,999999999999,999999999999,999999999999
114,x264_log_default,115,1016,1404998687,0,15,3038705,1016,10940219.0,0.0,15.0,999999999999,999999999999,999999999999
484,x264_analyse_init_costs,1841,11496,1408078632,0,43,67741232,11496,11018149.0,0.0,43.0,999999999999,999999999999,999999999999
580,pow,1183,2984,1484629069,0,5,13565542,2984,616976968.0,0.0,5.0,999999999999,999999999999,999999999999
337,x264_lookahead_init,464,1800,1498201201,0,1,10793178,1800,616999558.0,0.0,1.0,999999999999,999999999999,999999999999
48,x264_synch_frame_list_init,80,1008,1508997729,0,3,3046134,1008,617006738.0,0.0,3.0,999999999999,999999999999,999999999999
43,x264_frame_pop_unused,183,1168,1512051493,0,4,4487558,1168,617024658.0,0.0,4.0,999999999999,999999999999,999999999999
29,x264_frame_new,1853,4800,1516540421,0,4,31521192,4800,617026548.0,0.0,4.0,999999999999,999999999999,999999999999
99,x264_macroblock_cache_allocate,943,2544,1548108163,0,1,17198918,2544,617163168.0,0.0,1.0,999999999999,999999999999,999999999999
101,x264_macroblock_thread_allocate,613,2024,1565362772,0,1,11983989,2024,617280908.0,0.0,1.0,999999999999,999999999999,999999999999
387,x264_ratecontrol_new,9929,23008,1577356201,0,1,146915873,23008,617299028.0,0.0,1.0,999999999999,999999999999,999999999999
386,x264_ratecontrol_init_reconfigurable,1394,4176,1724278524,0,1,16828267,4176,617308388.0,0.0,1.0,999999999999,999999999999,999999999999
569,exp2,367,1464,1741109001,0,13,5358329,1464,617310899.0,0.0,13.0,999999999999,999999999999,999999999999
453,x264_encoder_parameters,35,872,1746518930,0,1,2196193,872,617481929.0,0.0,1.0,999999999999,999999999999,999999999999
359,set_param,5,520,1748717024,0,1,1461583,520,617485089.0,0.0,1.0,999999999999,999999999999,999999999999
123,x264_picture_alloc,252,1264,1750179917,0,1,4773638,1264,617486659.0,0.0,1.0,999999999999,999999999999,999999999999
28,x264_mdate,6,520,1754962145,0,4,1506612,520,617500129.0,0.0,4.0,999999999999,999999999999,999999999999
344,read_frame,190,1376,1756470297,0,2,5444088,1376,617502579.0,0.0,2.0,999999999999,999999999999,999999999999
613,fread,197,1288,1761917206,0,6,6199040,1288,617504179.0,0.0,6.0,999999999999,999999999999,999999999999
605,__stdio_read,253,1224,1768118596,0,6,5067738,1224,617508299.0,0.0,6.0,999999999999,999999999999,999999999999
603,readv,114,984,1773187725,0,6,2915736,984,617509729.0,0.0,6.0,999999999999,999999999999,999999999999
540,__wasi_fd_read,22,824,1776104750,0,6,1774983,824,617510759.0,0.0,6.0,999999999999,999999999999,999999999999
458,x264_encoder_encode,8099,16584,1778482474,0,4,138348097,16584,618126510.0,0.0,4.0,999999999999,999999999999,999999999999
31,x264_frame_copy_picture,531,1792,1916976131,0,2,9885727,1792,618462030.0,0.0,2.0,999999999999,999999999999,999999999999
205,x264_plane_copy_c,187,1272,1926864528,0,6,5987340,1272,618465361.0,0.0,6.0,999999999999,999999999999,999999999999
509,x264_weight_plane_analyse,407,1616,1933541909,0,2,10290077,1616,619744473.0,0.0,2.0,999999999999,999999999999,999999999999
304,x264_pixel_var_16x16,279,976,1943834326,10000000,14400,11470369,976,619747263.0,260000000.0,14400.0,999999999999,999999999999,999999999999
206,x264_frame_init_lowres,833,3360,1955755386,0,2,27970185,3360,684527759.0,0.0,2.0,999999999999,999999999999,999999999999
214,frame_init_lowres_core,344,1064,1983733161,10000000,2,13399083,1064,684607410.0,540000000.0,2.0,999999999999,999999999999,999999999999
34,x264_frame_expand_border_lowres,1864,6136,1998801867,0,2,31721322,6136,958603412.0,0.0,2.0,999999999999,999999999999,999999999999
383,x264_adaptive_quant_frame,2172,5224,2030619869,0,2,42651980,5224,959664123.0,0.0,2.0,999999999999,999999999999,999999999999
305,x264_pixel_var_8x8,941,1912,2073275659,0,14400,26396894,1912,959692553.0,70000000.0,14400.0,999999999999,999999999999,999999999999
339,x264_lookahead_put_frame,29,864,2100723325,0,2,2399373,864,1066555629.0,0.0,2.0,999999999999,999999999999,999999999999
50,x264_synch_frame_list_push,54,584,2103124878,0,2,2589634,584,1066558120.0,0.0,2.0,999999999999,999999999999,999999999999
467,x264_encoder_delayed_frames,319,864,2109775210,0,3,8604713,864,1514049327.0,0.0,3.0,999999999999,999999999999,999999999999
341,x264_lookahead_get_frames,470,1936,2118382693,0,2,10522118,1936,1514056767.0,0.0,2.0,999999999999,999999999999,999999999999
519,x264_slicetype_decide,2668,5128,2128906521,0,2,47143688,5128,1514058798.0,0.0,2.0,999999999999,999999999999,999999999999
513,x264_slicetype_analyse,6327,12152,2176053099,0,3,123838674,12152,1514061858.0,0.0,3.0,999999999999,999999999999,999999999999
511,x264_slicetype_frame_cost,1085,2736,2299904373,0,8,18560410,2736,1514092208.0,0.0,8.0,999999999999,999999999999,999999999999
512,x264_slicetype_mb_cost,4319,9256,2318467333,0,10800,66808841,9256,1514098598.0,30000000.0,10800.0,999999999999,999999999999,999999999999
229,mc_copy_w8,176,752,2385278294,0,39600,6346710,752,1514103758.0,40000000.0,39600.0,999999999999,999999999999,999999999999
66,predict_8x8c_dc,306,944,2391628494,0,37608,5818500,944,1514109568.0,40000000.0,27808.0,999999999999,999999999999,999999999999
284,x264_pixel_satd_8x8,44,976,2397448794,0,332093,2378734,976,1514113358.0,30000000.0,330111.0,999999999999,999999999999,999999999999
283,x264_pixel_satd_8x4,1170,2496,2399828778,70000000,1571942,32341123,2496,1514114438.0,9590000000.0,1607691.0,999999999999,999999999999,999999999999
60,predict_8x8c_h,220,824,2432173191,0,27202,3879006,824,1514128688.0,90000000.0,69934.0,999999999999,999999999999,999999999999
61,predict_8x8c_v,142,712,2436054358,0,28998,3046535,712,1514142738.0,30000000.0,21480.0,999999999999,999999999999,999999999999
65,predict_8x8c_p,641,1320,2439102673,0,27982,18863471,1320,1514156298.0,430000000.0,22144.0,999999999999,999999999999,999999999999
80,predict_8x8_filter,1019,1816,2457968504,0,64577,15723585,1816,1514186978.0,270000000.0,47656.0,999999999999,999999999999,999999999999
76,predict_8x8_ddl,841,1640,2473693780,0,35899,14393593,1640,1514194088.0,110000000.0,35848.0,999999999999,999999999999,999999999999
75,predict_8x8_ddr,847,1632,2488090233,10000000,35761,14550393,1632,1514210508.0,90000000.0,35690.0,999999999999,999999999999,999999999999
74,predict_8x8_vr,908,1696,2502643437,0,35648,15345465,1696,1514227228.0,120000000.0,35600.0,999999999999,999999999999,999999999999
73,predict_8x8_hd,696,1464,2517991853,0,36556,10942838,1464,1514243818.0,130000000.0,36219.0,999999999999,999999999999,999999999999
72,predict_8x8_vl,870,1624,2528937591,0,35811,14548264,1624,1514261648.0,190000000.0,35754.0,999999999999,999999999999,999999999999
71,predict_8x8_hu,484,1096,2543487855,0,38768,7404733,1096,1514277918.0,110000000.0,37939.0,999999999999,999999999999,999999999999
41,x264_frame_shift,48,568,2556691007,0,6,2803174,568,2112810935.0,0.0,6.0,999999999999,999999999999,999999999999
514,scenecut,471,1768,2559497481,0,2,12312250,1768,2112820215.0,0.0,2.0,999999999999,999999999999,999999999999
515,scenecut_internal,482,2024,2571811791,0,4,7976734,2024,2112823005.0,0.0,4.0,999999999999,999999999999,999999999999
510,x264_weights_analyse,2408,6344,2579793505,0,2,40755827,6344,2112835885.0,0.0,2.0,999999999999,999999999999,999999999999
587,round,184,1312,2620551642,0,6,3261085,1312,2112838975.0,0.0,6.0,999999999999,999999999999,999999999999
208,x264_weight_cache,19,544,2630075097,0,4,1815783,544,2754137403.0,0.0,4.0,999999999999,999999999999,999999999999
239,mc_weight_w8,882,1696,2631893100,0,10800,16357898,1696,2754139983.0,240000000.0,10800.0,999999999999,999999999999,999999999999
406,x264_me_search_ref,13476,28672,2649061149,0,33662,325740987,28672,2869416113.0,110000000.0,35252.0,999999999999,999999999999,999999999999
263,x264_pixel_sad_8x8,246,920,2974805326,10000000,93508,9050165,920,2869429973.0,700000000.0,86448.0,999999999999,999999999999,999999999999
256,x264_pixel_sad_x3_8x8,894,1752,2983858861,10000000,52964,23581779,1752,2869442843.0,2140000000.0,59436.0,999999999999,999999999999,999999999999
249,x264_pixel_sad_x4_8x8,1190,2200,3007444950,20000000,61768,30824741,2200,2869580403.0,2650000000.0,61038.0,999999999999,999999999999,999999999999
407,refine_subpel,4081,11376,3038274220,0,33662,77889558,11376,2869670534.0,90000000.0,35252.0,999999999999,999999999999,999999999999
211,get_ref,1221,4048,3116167219,50000000,475341,44290033,4048,2869675364.0,7960000000.0,483273.0,999999999999,999999999999,999999999999
517,x264_macroblock_tree_finish,326,1200,3171839291,0,1,7064972,1200,4759765671.0,0.0,1.0,999999999999,999999999999,999999999999
38,x264_frame_push,32,536,3178917753,0,3,2344954,536,4762511466.0,0.0,3.0,999999999999,999999999999,999999999999
347,x264_sps_write,14936,16552,3181266077,0,1,268331852,16552,4762523006.0,0.0,1.0,999999999999,999999999999,999999999999
456,x264_nal_start,99,680,3449603139,0,2,3226426,680,4762569356.0,0.0,2.0,999999999999,999999999999,999999999999
349,x264_pps_write,3997,4800,3452832175,0,1,50397733,4800,4762571126.0,0.0,1.0,999999999999,999999999999,999999999999
457,x264_nal_end,201,1232,3503233528,0,2,4650667,1232,4762591316.0,0.0,2.0,999999999999,999999999999,999999999999
353,x264_sei_version_write,1292,2376,3507886915,0,1,20965555,2376,4762595236.0,0.0,1.0,999999999999,999999999999,999999999999
130,x264_param2string,2763,6272,3528854940,0,1,32996364,6272,4762596996.0,0.0,1.0,999999999999,999999999999,999999999999
627,sprintf,56,904,3561858534,0,45,2334884,904,4762607836.0,0.0,43.0,999999999999,999999999999,999999999999
654,vsprintf,21,840,3564195818,0,45,1873114,840,4762609596.0,0.0,43.0,999999999999,999999999999,999999999999
652,vsnprintf,180,1152,3566070211,0,45,3871346,1152,4762610616.0,0.0,43.0,999999999999,999999999999,999999999999
653,sn_write,184,1176,3569948847,0,47,4364408,1176,4762651966.0,0.0,45.0,999999999999,999999999999,999999999999
635,frexp,145,1200,3574324575,0,63,3186635,1200,4762859086.0,0.0,59.0,999999999999,999999999999,999999999999
639,pad,159,1168,3577513550,0,63,5309419,1168,4762878136.0,0.0,59.0,999999999999,999999999999,999999999999
126,x264_free,26,848,3582854589,0,3106,2178644,848,4764036708.0,0.0,3106.0,999999999999,999999999999,999999999999
393,x264_ratecontrol_start,1596,4424,3585038843,0,2,26006743,4424,4764055148.0,0.0,2.0,999999999999,999999999999,999999999999
394,rate_estimate_qscale,3628,9944,3611047796,0,2,48135429,9944,4764059098.0,0.0,2.0,999999999999,999999999999,999999999999
520,x264_rc_analyse_slice,830,2488,3659185885,0,2,16063796,2488,4764062848.0,0.0,2.0,999999999999,999999999999,999999999999
518,x264_slicetype_frame_cost_recalculate,547,1512,3675251891,0,2,9809606,1512,4764065328.0,10000000.0,2.0,999999999999,999999999999,999999999999
576,log2,647,1760,3685078557,0,4,6266111,1760,4767827444.0,0.0,4.0,999999999999,999999999999,999999999999
390,clip_qscale,1757,4600,3691347898,0,2,25048901,4600,4767832304.0,0.0,2.0,999999999999,999999999999,999999999999
397,x264_ratecontrol_qp,106,960,3716400539,0,2,2722665,960,4767843074.0,0.0,2.0,999999999999,999999999999,999999999999
461,x264_slice_header_init,637,1440,3719124744,0,2,10856228,1440,4767847374.0,0.0,2.0,999999999999,999999999999,999999999999
103,x264_macroblock_slice_init,1258,3120,3729984301,0,2,24176940,3120,4767853404.0,0.0,2.0,999999999999,999999999999,999999999999
463,x264_slices_write,15660,20104,3754165611,0,2,290942330,20104,4767859494.0,0.0,2.0,999999999999,999999999999,999999999999
104,x264_macroblock_thread_init,282,824,4045113211,0,2,4821128,824,4767864394.0,0.0,2.0,999999999999,999999999999,999999999999
20,x264_cabac_context_init,134,672,4049937549,0,2,4794188,672,4767887404.0,0.0,2.0,999999999999,999999999999,999999999999
22,x264_cabac_encode_init,48,584,4054734967,0,2,2012264,584,4768095765.0,0.0,2.0,999999999999,999999999999,999999999999
465,x264_fdec_filter_row,1133,3272,4056749011,0,92,20735484,3272,4768098615.0,0.0,92.0,999999999999,999999999999,999999999999
106,x264_macroblock_cache_load,4897,7760,4077487425,0,7200,79712581,7760,4768100275.0,100000000.0,7200.0,999999999999,999999999999,999999999999
107,x264_macroblock_load_pic_pointers,1493,2752,4157204146,0,21600,26022133,2752,4768109075.0,70000000.0,21600.0,999999999999,999999999999,999999999999
213,mc_copy_w16,257,864,4183229059,0,30901,8133464,864,4768112685.0,170000000.0,43194.0,999999999999,999999999999,999999999999
217,prefetch_fenc_null,4,512,4191368953,0,21600,1358662,512,4768132655.0,100000000.0,21600.0,999999999999,999999999999,999999999999
487,x264_macroblock_analyse,22994,48976,4192729585,0,7200,415528555,48976,4768135275.0,10000000.0,7200.0,999999999999,999999999999,999999999999
398,x264_ratecontrol_mb_qp,177,1056,4608261430,0,7200,4531407,1056,4768141075.0,80000000.0,7200.0,999999999999,999999999999,999999999999
215,memzero_aligned,16,832,4612797217,0,7200,1866063,832,4768148415.0,0.0,7200.0,999999999999,999999999999,999999999999
494,x264_mb_analyse_intra,3131,6696,4614666851,0,7200,56532483,6696,4768150315.0,10000000.0,7200.0,999999999999,999999999999,999999999999
52,predict_16x16_dc_128,590,928,4671202834,0,4,4880868,928,4768153465.0,0.0,4.0,999999999999,999999999999,999999999999
287,x264_pixel_satd_16x16,201,1520,4676086132,0,56178,4528107,1520,4768156425.0,30000000.0,56466.0,999999999999,999999999999,999999999999
68,predict_8x8_dc_128,136,616,4680619909,0,6,2164743,616,4768216305.0,0.0,4.0,999999999999,999999999999,999999999999
303,x264_pixel_sa8d_8x8,24,832,4682786703,0,256386,1837633,832,4768217805.0,0.0,256386.0,999999999999,999999999999,999999999999
310,sa8d_8x8,750,1504,4684625356,40000000,256386,21371135,1504,4768219115.0,4890000000.0,256386.0,999999999999,999999999999,999999999999
325,x264_mb_encode_i8x8,562,1864,4705999481,0,50177,8580594,1864,4768241715.0,30000000.0,33256.0,999999999999,999999999999,999999999999
142,sub8x8_dct8,1729,3664,4714582335,10000000,63369,38192114,3664,4768244545.0,900000000.0,34600.0,999999999999,999999999999,999999999999
172,quant_8x8,124,640,4752777959,10000000,34589,4485297,640,4768281655.0,620000000.0,30144.0,999999999999,999999999999,999999999999
164,zigzag_scan_8x8_frame,644,1824,4757265506,10000000,60367,10694557,1824,4768306665.0,90000000.0,33114.0,999999999999,999999999999,999999999999
177,dequant_8x8,248,792,4767961683,20000000,60131,7741364,792,4768310165.0,480000000.0,33070.0,999999999999,999999999999,999999999999
141,add8x8_idct8,914,1680,4775704797,0,60131,22261937,1680,4768325045.0,1070000000.0,33070.0,999999999999,999999999999,999999999999
70,predict_8x8_dc_left,183,800,4797971563,0,418,4324248,800,4768373485.0,0.0,393.0,999999999999,999999999999,999999999999
78,predict_8x8_h,241,856,4802299330,0,71473,3855756,856,4768395805.0,80000000.0,56822.0,999999999999,999999999999,999999999999
69,predict_8x8_dc_top,183,800,4806161956,0,423,4276957,800,4768553805.0,0.0,370.0,999999999999,999999999999,999999999999
79,predict_8x8_v,71,624,4810440923,10000000,28635,2360764,624,4768575235.0,30000000.0,28573.0,999999999999,999999999999,999999999999
77,predict_8x8_dc,231,904,4812806807,0,30365,5339289,904,4768756235.0,10000000.0,29630.0,999999999999,999999999999,999999999999
82,predict_4x4_dc_128,47,568,4818153656,0,4,1994614,568,4768969596.0,0.0,6.0,999999999999,999999999999,999999999999
281,x264_pixel_satd_4x4,663,1416,4820150010,60000000,1244705,15928286,1416,4768970646.0,5140000000.0,1440246.0,999999999999,999999999999,999999999999
324,x264_mb_encode_i4x4,444,1736,4836081496,0,88820,7616573,1736,4768977576.0,130000000.0,208312.0,999999999999,999999999999,999999999999
151,sub4x4_dct,630,1680,4843699949,10000000,475996,14359623,1680,4768979556.0,1770000000.0,571392.0,999999999999,999999999999,999999999999
171,quant_4x4,122,632,4858061692,40000000,418316,4592898,632,4768984666.0,2510000000.0,416416.0,999999999999,999999999999,999999999999
163,zigzag_scan_4x4_frame,164,840,4862656480,0,385778,3700516,840,4768992786.0,320000000.0,413204.0,999999999999,999999999999,999999999999
168,dequant_4x4,728,1672,4866358546,0,379848,13328882,1672,4768994676.0,720000000.0,405764.0,999999999999,999999999999,999999999999
150,add4x4_idct,1046,2016,4879689508,10000000,431707,19412392,2016,4768998136.0,3010000000.0,471495.0,999999999999,999999999999,999999999999
84,predict_4x4_dc_left,72,608,4899104910,0,1137,2595024,608,4769007366.0,0.0,1171.0,999999999999,999999999999,999999999999
92,predict_4x4_h,70,616,4901703384,0,133174,2417934,616,4769013596.0,100000000.0,280267.0,999999999999,999999999999,999999999999
85,predict_4x4_hu,219,776,4904122918,0,100006,4356537,776,4769018606.0,220000000.0,128364.0,999999999999,999999999999,999999999999
83,predict_4x4_dc_top,80,608,4908483455,0,567,2587645,608,4769046986.0,0.0,891.0,999999999999,999999999999,999999999999
93,predict_4x4_v,42,560,4911072560,0,104015,2029353,560,4769052516.0,40000000.0,118005.0,999999999999,999999999999,999999999999
90,predict_4x4_ddl,292,848,4913103613,0,97494,5217988,848,4769057106.0,70000000.0,115895.0,999999999999,999999999999,999999999999
86,predict_4x4_vl,305,848,4918323641,0,95146,5282439,848,4769063636.0,180000000.0,115111.0,999999999999,999999999999,999999999999
91,predict_4x4_dc,107,656,4923610010,0,116134,3177045,656,4769092436.0,70000000.0,123341.0,999999999999,999999999999,999999999999
89,predict_4x4_ddr,296,856,4926789746,0,94134,5358169,856,4769111616.0,280000000.0,116483.0,999999999999,999999999999,999999999999
88,predict_4x4_vr,311,872,4932149824,0,93962,5498578,872,4769117906.0,220000000.0,115007.0,999999999999,999999999999,999999999999
87,predict_4x4_hd,311,864,4937650033,0,95481,5502929,864,4769124406.0,260000000.0,121813.0,999999999999,999999999999,999999999999
495,x264_intra_rd,244,1448,4943163442,0,7200,5034209,1448,4769826367.0,0.0,7200.0,999999999999,999999999999,999999999999
488,x264_analyse_update_cache,6850,9808,4948199891,0,27064,62441092,9808,4769827477.0,60000000.0,29573.0,999999999999,999999999999,999999999999
504,x264_mb_analyse_intra_chroma,796,2584,5010643524,0,22673,14561565,2584,4769832097.0,10000000.0,32387.0,999999999999,999999999999,999999999999
62,predict_8x8c_dc_128,136,616,5025208088,0,16,2222554,616,4769835017.0,0.0,20.0,999999999999,999999999999,999999999999
469,x264_rd_cost_mb,8689,13152,5027435422,0,19889,133075899,13152,4769863247.0,10000000.0,22373.0,999999999999,999999999999,999999999999
332,x264_macroblock_encode,7723,19024,5160514231,0,27089,135356043,19024,4769865007.0,30000000.0,29573.0,999999999999,999999999999,999999999999
145,sub16x16_dct,368,1984,5295875534,0,10654,5893840,1984,4769870317.0,0.0,7906.0,999999999999,999999999999,999999999999
138,dct4x4dc,573,1392,5301779274,0,5936,10952158,1392,4770071788.0,20000000.0,7456.0,999999999999,999999999999,999999999999
170,quant_4x4_dc,956,1416,5312732992,0,5933,12779621,1416,4770077168.0,30000000.0,7190.0,999999999999,999999999999,999999999999
137,idct4x4dc,566,1400,5325515063,0,5930,8741665,1400,4770085818.0,20000000.0,7440.0,999999999999,999999999999,999999999999
167,dequant_4x4_dc,587,1392,5334258578,0,5930,10525586,1392,4770090018.0,20000000.0,7440.0,999999999999,999999999999,999999999999
144,add16x16_idct,280,1672,5344786115,0,5936,4224038,1672,4770094378.0,0.0,7456.0,999999999999,999999999999,999999999999
326,x264_mb_encode_8x8_chroma,3324,8344,5349014952,0,27089,50516093,8344,4770193718.0,30000000.0,29573.0,999999999999,999999999999,999999999999
149,sub8x8_dct,85,1072,5399533675,0,54178,2760145,1072,4770197068.0,30000000.0,59146.0,999999999999,999999999999,999999999999
169,quant_2x2_dc,249,736,5402299140,0,39778,4552047,736,4770251368.0,130000000.0,44746.0,999999999999,999999999999,999999999999
147,add8x8_idct,66,1024,5406852487,0,66790,2377664,1024,4770256218.0,10000000.0,52997.0,999999999999,999999999999,999999999999
291,x264_pixel_ssd_8x8,182,824,5409235771,0,39778,8249374,824,4770360168.0,240000000.0,44746.0,999999999999,999999999999,999999999999
301,x264_pixel_hadamard_ac_16x16,91,1072,5417487715,0,27089,2971965,1072,4770373538.0,10000000.0,29573.0,999999999999,999999999999,999999999999
309,pixel_hadamard_ac,2669,4360,5420461190,0,108356,47659978,4360,4770374238.0,2250000000.0,118292.0,999999999999,999999999999,999999999999
294,x264_pixel_ssd_16x16,317,1072,5468126628,0,19889,12986221,1072,4770524549.0,460000000.0,22373.0,999999999999,999999999999,999999999999
477,x264_macroblock_size_cabac,16751,23752,5481117980,0,19889,242547881,23752,4770547969.0,240000000.0,22373.0,999999999999,999999999999,999999999999
471,block_residual_write_cabac_internal,1576,2328,5723670920,0,355749,20588074,2328,4770564349.0,60000000.0,379068.0,999999999999,999999999999,999999999999
179,x264_coeff_last16,129,616,5744262754,10000000,84384,3940116,616,4770565529.0,1010000000.0,153434.0,999999999999,999999999999,999999999999
183,x264_coeff_last15,117,616,5748206540,20000000,247264,3669486,616,4770590489.0,2230000000.0,259663.0,999999999999,999999999999,999999999999
180,x264_coeff_last4,71,600,5751881186,0,50458,2568634,600,4770740189.0,180000000.0,48740.0,999999999999,999999999999,999999999999
182,x264_coeff_last64,341,872,5754474791,0,56454,6041680,872,4771852361.0,950000000.0,33070.0,999999999999,999999999999,999999999999
483,x264_quant_8x8_trellis,113,984,5760526341,0,28780,3023835,984,4779809824.0,0.0,4456.0,999999999999,999999999999,999999999999
481,quant_trellis_cabac,3343,5320,5763552206,130000000,100863,66556139,5320,4772132861.0,12630000000.0,174098.0,999999999999,999999999999,999999999999
482,x264_quant_4x4_trellis,126,1056,5830134825,20000000,57680,3640667,1056,4772130621.0,190000000.0,154976.0,999999999999,999999999999,999999999999
480,x264_quant_dc_trellis,181,1064,5833784082,0,14403,3861536,1064,4773989484.0,0.0,14666.0,999999999999,999999999999,999999999999
318,x264_macroblock_write_cabac,13546,30296,5837657068,0,7200,220405453,30296,4774548935.0,10000000.0,7200.0,999999999999,999999999999,999999999999
319,x264_cabac_mb_type_intra,222,1488,6058067101,0,5661,5655758,1488,4774552045.0,0.0,7200.0,999999999999,999999999999,999999999999
23,x264_cabac_encode_decision_c,508,928,6063725720,120000000,8753558,8320284,928,4774553625.0,3830000000.0,3372466.0,999999999999,999999999999,999999999999
323,block_residual_write_cabac,934,2648,6072051854,0,82811,18003050,2648,4774630256.0,100000000.0,115839.0,999999999999,999999999999,999999999999
24,x264_cabac_encode_bypass_c,382,816,6090060074,10000000,764218,6761871,816,4774654885.0,680000000.0,675885.0,999999999999,999999999999,999999999999
25,x264_cabac_encode_ue_bypass,526,976,6096824535,0,385085,9773176,976,4775134886.0,0.0,145.0,999999999999,999999999999,999999999999
110,x264_macroblock_cache_save,2799,4736,6106640361,0,7200,30889231,4736,4775568887.0,20000000.0,7200.0,999999999999,999999999999,999999999999
109,x264_macroblock_cache_load_deblock,1653,2776,6137550552,10000000,7200,26144484,2776,4775611977.0,0.0,7200.0,999999999999,999999999999,999999999999
395,x264_ratecontrol_mb,2039,5480,6163698706,0,7200,30582361,5480,4775614107.0,20000000.0,7200.0,999999999999,999999999999,999999999999
54,predict_16x16_dc_left,623,1496,6194294946,0,175,12642811,1496,4775651897.0,0.0,170.0,999999999999,999999999999,999999999999
57,predict_16x16_h,692,1544,6206943477,0,12445,11812159,1544,4775703557.0,50000000.0,13756.0,999999999999,999999999999,999999999999
64,predict_8x8c_dc_left,202,816,6218796676,0,1198,4174967,816,4777543900.0,0.0,756.0,999999999999,999999999999,999999999999
26,x264_cabac_encode_terminal_c,401,832,6223037993,0,7201,6913752,832,4782531289.0,10000000.0,7464.0,999999999999,999999999999,999999999999
190,x264_frame_deblock_row,5346,10256,6236871996,0,90,94284524,10256,5406988848.0,10000000.0,90.0,999999999999,999999999999,999999999999
105,x264_prefetch_fenc,94,976,6331160971,0,7200,3311156,976,5406992639.0,10000000.0,7200.0,999999999999,999999999999,999999999999
108,x264_macroblock_cache_load_neighbours_deblock,292,808,6334475907,0,7200,4865048,808,5406995068.0,10000000.0,7200.0,999999999999,999999999999,999999999999
192,deblock_h_luma_c,21,856,6339343115,0,8381,1974234,856,5407000948.0,0.0,19372.0,999999999999,999999999999,999999999999
201,deblock_luma_c,533,1168,6341319559,0,16521,12012780,1168,5407002188.0,710000000.0,38744.0,999999999999,999999999999,999999999999
194,deblock_h_chroma_c,21,856,6353335098,10000000,16742,1982603,856,5407061149.0,0.0,14400.0,999999999999,999999999999,999999999999
202,deblock_chroma_c,496,1152,6355319051,0,33002,9479696,1152,5407062069.0,180000000.0,28800.0,999999999999,999999999999,999999999999
193,deblock_v_luma_c,21,848,6364801917,0,8140,2014724,848,5407100469.0,0.0,19372.0,999999999999,999999999999,999999999999
198,deblock_v_chroma_c,21,848,6366818171,0,16260,1940483,848,5407119449.0,0.0,14400.0,999999999999,999999999999,999999999999
195,deblock_h_luma_intra_c,20,848,6368761924,0,5939,1917233,848,5407141199.0,0.0,7110.0,999999999999,999999999999,999999999999
203,deblock_luma_intra_c,553,1104,6370680317,0,12048,9838806,1104,5407141829.0,250000000.0,14150.0,999999999999,999999999999,999999999999
197,deblock_h_chroma_intra_c,19,848,6380521333,0,11878,1935663,848,5407158559.0,0.0,14220.0,999999999999,999999999999,999999999999
204,deblock_chroma_intra_c,1238,1736,6382458286,0,24096,14298554,1736,5407159339.0,190000000.0,28300.0,999999999999,999999999999,999999999999
32,x264_frame_expand_border,1744,5040,6396869330,0,90,41100028,5040,5416633015.0,0.0,90.0,999999999999,999999999999,999999999999
236,x264_frame_filter,521,2248,6438005628,0,90,13101862,2248,5416792955.0,0.0,90.0,999999999999,999999999999,999999999999
218,hpel_filter,587,5432,6451110040,10000000,90,48859051,5432,5416795435.0,3360000000.0,90.0,999999999999,999999999999,999999999999
33,x264_frame_expand_border_filtered,4945,14768,6500061240,0,90,87664975,14768,5453137175.0,10000000.0,90.0,999999999999,999999999999,999999999999
53,predict_16x16_dc_top,657,1464,6587789225,0,135,12799691,1464,5453310395.0,0.0,144.0,999999999999,999999999999,999999999999
58,predict_16x16_v,533,1392,6600594616,0,7050,10405407,1392,5453363905.0,0.0,7069.0,999999999999,999999999999,999999999999
63,predict_8x8c_dc_top,220,808,6611037893,0,546,4224837,808,5455215348.0,0.0,836.0,999999999999,999999999999,999999999999
56,predict_16x16_dc,767,1696,6615373851,0,7206,15597755,1696,5460284347.0,10000000.0,7310.0,999999999999,999999999999,999999999999
55,predict_16x16_p,1278,2216,6630982226,10000000,7223,31328122,2216,5460334387.0,440000000.0,7305.0,999999999999,999999999999,999999999999
199,deblock_v_luma_intra_c,19,840,6668752238,0,6109,2051294,840,6028166253.0,0.0,7040.0,999999999999,999999999999,999999999999
200,deblock_v_chroma_intra_c,20,840,6670807342,0,12218,1890663,840,6028175653.0,10000000.0,14080.0,999999999999,999999999999,999999999999
327,x264_mb_optimize_chroma_dc,471,1544,6681641420,0,2483,12413000,1544,6645768532.0,10000000.0,2355.0,999999999999,999999999999,999999999999
146,add8x8_idct_dc,66,1112,6694056970,0,2483,2790865,1112,6645772122.0,0.0,2355.0,999999999999,999999999999,999999999999
152,add4x4_idct_dc,526,1144,6696849445,0,9932,6870061,1144,6645772922.0,20000000.0,9420.0,999999999999,999999999999,999999999999
27,x264_cabac_encode_flush,1146,1472,6972622990,0,2,16790217,1472,33354512933.0,0.0,2.0,999999999999,999999999999,999999999999
464,x264_encoder_frame_end,6291,11696,6989769608,0,2,94349776,11696,33446140035.0,0.0,2.0,999999999999,999999999999,999999999999
455,x264_encoder_encapsulate_nals,682,1800,7084123944,0,2,16871177,1800,33446143825.0,0.0,2.0,999999999999,999999999999,999999999999
127,x264_nal_encode,298,752,7100998771,0,5,6215431,752,33446150175.0,80000000.0,5.0,999999999999,999999999999,999999999999
42,x264_frame_push_unused,76,584,7108327364,0,4,3112255,584,33494539285.0,0.0,4.0,999999999999,999999999999,999999999999
401,x264_ratecontrol_end,3397,7960,7111442789,0,2,45577745,7960,33494542985.0,0.0,2.0,999999999999,999999999999,999999999999
334,x264_noise_reduction_update,1312,2024,7157026784,0,2,18348050,2024,33494562795.0,0.0,2.0,999999999999,999999999999,999999999999
618,fwrite,278,1384,7175708365,0,2883,7611112,1384,33495017616.0,0.0,2883.0,999999999999,999999999999,999999999999
361,write_frame,22,880,7190277448,0,2,2277763,880,33505315743.0,0.0,2.0,999999999999,999999999999,999999999999
212,mc_luma,1283,4392,7193841374,0,20049,42456750,4392,33505794854.0,90000000.0,4664.0,999999999999,999999999999,999999999999
459,x264_reference_hierarchy_reset,393,1360,7239144649,0,1,8370284,1360,33853010866.0,0.0,1.0,999999999999,999999999999,999999999999
187,x264_mb_predict_mv_pskip,354,896,7247550033,0,3600,5755009,896,33857171523.0,0.0,3600.0,999999999999,999999999999,999999999999
216,prefetch_ref_null,3,512,7253309932,0,7200,1470153,512,33857189753.0,0.0,7200.0,999999999999,999999999999,999999999999
186,x264_mb_predict_mv_16x16,390,936,7254782795,10000000,3600,6612451,936,33857195273.0,10000000.0,3600.0,999999999999,999999999999,999999999999
189,x264_mb_predict_mv_ref16x16,954,1600,7261396786,0,3600,14576474,1600,33857199523.0,20000000.0,3600.0,999999999999,999999999999,999999999999
266,x264_pixel_sad_16x16,445,1272,7275978170,10000000,112134,13284272,1272,33857221073.0,3710000000.0,117187.0,999999999999,999999999999,999999999999
259,x264_pixel_sad_x3_16x16,61,1128,7289267882,0,11282,2931605,1128,33857322823.0,0.0,13596.0,999999999999,999999999999,999999999999
252,x264_pixel_sad_x4_16x16,80,1224,7292203247,0,12981,3215795,1224,33857598503.0,0.0,12893.0,999999999999,999999999999,999999999999
210,mc_chroma,220,1608,7295427982,60000000,490560,20652534,1608,33858143484.0,5870000000.0,470518.0,999999999999,999999999999,999999999999
498,x264_mb_analyse_inter_p8x8_mixed_ref,1616,3848,7316101836,0,3600,30072979,3848,33859410547.0,10000000.0,3600.0,999999999999,999999999999,999999999999
185,x264_mb_predict_mv,683,1112,7346178545,0,42911,9662207,1112,33859417407.0,90000000.0,29116.0,999999999999,999999999999,999999999999
502,x264_mb_analyse_inter_p16x8,1423,3976,7355880492,0,3016,23266938,3976,33862535902.0,0.0,3413.0,999999999999,999999999999,999999999999
265,x264_pixel_sad_16x8,446,1272,7379151330,50000000,174596,14819285,1272,33862548752.0,2950000000.0,190677.0,999999999999,999999999999,999999999999
258,x264_pixel_sad_x3_16x8,60,1128,7393978115,0,17769,2948345,1128,33862708102.0,0.0,19486.0,999999999999,999999999999,999999999999
251,x264_pixel_sad_x4_16x8,79,1224,7396930160,0,21640,3196746,1224,33862900883.0,0.0,23776.0,999999999999,999999999999,999999999999
286,x264_pixel_satd_16x8,97,1144,7400133635,0,45766,3160175,1144,33863156753.0,10000000.0,49616.0,999999999999,999999999999,999999999999
503,x264_mb_analyse_inter_p8x16,1412,3992,7403317580,0,3016,23224299,3992,33865271787.0,20000000.0,3413.0,999999999999,999999999999,999999999999
264,x264_pixel_sad_8x16,246,920,7426545869,0,34432,7807223,920,33865284276.0,670000000.0,36933.0,999999999999,999999999999,999999999999
257,x264_pixel_sad_x3_8x16,893,1752,7434358921,10000000,18385,21425865,1752,33865453217.0,1250000000.0,18066.0,999999999999,999999999999,999999999999
250,x264_pixel_sad_x4_8x16,1189,2200,7455789516,0,21611,27876997,2200,33865712957.0,2240000000.0,23591.0,999999999999,999999999999,999999999999
285,x264_pixel_satd_8x16,98,1152,7483676212,0,45939,3285536,1152,33866062338.0,10000000.0,49577.0,999999999999,999999999999,999999999999
282,x264_pixel_satd_4x8,45,976,7486966028,0,91873,2470734,976,33866102138.0,50000000.0,99101.0,999999999999,999999999999,999999999999
175,x264_decimate_score15,297,856,7489502892,0,67066,7210672,856,33870011524.0,20000000.0,12104.0,999999999999,999999999999,999999999999
317,x264_cabac_mb_skip,127,968,7496766184,0,3600,3678846,968,33873550130.0,20000000.0,3600.0,999999999999,999999999999,999999999999
98,x264_mb_mc,500,2152,7509365175,0,8016,7242112,2152,37112903185.0,0.0,786.0,999999999999,999999999999,999999999999
95,x264_mb_mc_0xywh,562,1968,7516609657,0,16449,9817886,1968,37112905925.0,0.0,1064.0,999999999999,999999999999,999999999999
174,x264_decimate_score16,362,872,7526435463,0,21717,7393162,872,37113087565.0,0.0,2045.0,999999999999,999999999999,999999999999
308,pixel_var2_8x8,230,872,7533836575,10000000,8016,9992216,872,37113304376.0,10000000.0,786.0,999999999999,999999999999,999999999999
472,x264_cabac_mb_mvd_cpn,878,1280,7543842631,0,26774,12764632,1280,37113677366.0,10000000.0,2128.0,999999999999,999999999999,999999999999
505,x264_mb_analyse_transform_rd,206,1176,7556617243,0,1760,4617608,1176,37113857716.0,0.0,336.0,999999999999,999999999999,999999999999
140,sub16x16_dct8,86,1096,7561243351,0,3298,2744514,1096,37113974497.0,0.0,336.0,999999999999,999999999999,999999999999
173,x264_decimate_score64,914,1568,7563992345,0,6878,13850163,1568,37114112307.0,10000000.0,1292.0,999999999999,999999999999,999999999999
321,x264_cabac_mb_mvd,248,1328,7577893218,0,1630,5021818,1328,,,,999999999999,999999999999,999999999999
322,x264_cabac_mb_mvd_cpn,320,1880,7582917896,0,6124,7653892,1880,,,,999999999999,999999999999,999999999999
196,deblock_strength_c,2158,3936,7590609519,0,1539,54416310,3936,,,,999999999999,999999999999,999999999999
501,x264_mb_cache_mv_p8x8,465,1720,7645768320,0,7560,7114591,1720,39494877955.0,0.0,244.0,999999999999,999999999999,999999999999
94,x264_mb_mc_8x8,336,2056,7652886391,0,7560,6008169,2056,39494885035.0,0.0,244.0,999999999999,999999999999,999999999999
474,x264_cabac_mb8x8_mvd,2231,5512,7658913471,0,6128,27821356,5512,39495612226.0,0.0,244.0,999999999999,999999999999,999999999999
125,x264_picture_clean,49,952,8275685739,0,1,3412396,952,99721130506.0,0.0,1.0,999999999999,999999999999,999999999999
466,x264_encoder_close,7023,14336,8279122525,0,1,102172538,14336,99721153346.0,0.0,1.0,999999999999,999999999999,999999999999
338,x264_lookahead_delete,192,1392,8381299423,0,1,4827588,1392,99721156626.0,0.0,1.0,999999999999,999999999999,999999999999
49,x264_synch_frame_list_delete,75,1024,8386130751,0,3,3430626,1024,99721158586.0,0.0,3.0,999999999999,999999999999,999999999999
391,x264_ratecontrol_summary,267,1904,8389676787,0,1,4700017,1904,99722175268.0,0.0,1.0,999999999999,999999999999,999999999999
392,x264_ratecontrol_delete,514,2272,8394489054,0,1,10156617,2272,99723514700.0,0.0,1.0,999999999999,999999999999,999999999999
133,x264_cqm_delete,589,2440,8404649651,0,1,8143334,2440,99723529780.0,0.0,1.0,999999999999,999999999999,999999999999
485,x264_analyse_free_costs,150,1368,8412799345,0,1,5407199,1368,99723559240.0,0.0,1.0,999999999999,999999999999,999999999999
47,x264_frame_delete_list,70,1024,8418213894,0,4,3299675,1024,99723649380.0,0.0,4.0,999999999999,999999999999,999999999999
30,x264_frame_delete,1907,7192,8421515479,0,4,30079400,7192,99723650790.0,0.0,4.0,999999999999,999999999999,999999999999
100,x264_macroblock_cache_free,1440,5320,8451668449,0,1,15154315,5320,99724559322.0,0.0,1.0,999999999999,999999999999,999999999999
102,x264_macroblock_thread_free,151,1216,8466833284,0,1,4841628,1216,99724617042.0,0.0,1.0,999999999999,999999999999,999999999999
612,fputc,70,904,8471680292,0,1,2808265,904,99724636912.0,0.0,1.0,999999999999,999999999999,999999999999
611,__overflow,165,1192,8474491047,0,1,4294497,1192,99724638042.0,0.0,1.0,999999999999,999999999999,999999999999
345,close_file,43,928,8478819554,0,1,2347594,928,99724647202.0,0.0,1.0,999999999999,999999999999,999999999999
362,close_file,44,848,8481188838,0,1,2346284,848,99724662392.0,0.0,1.0,999999999999,999999999999,999999999999
562,__wasm_call_dtors,15,864,8483574402,0,1,1864393,864,99724751822.0,0.0,1.0,999999999999,999999999999,999999999999
561,dummy,3,512,8485440825,0,1,1472332,512,99724752462.0,0.0,1.0,999999999999,999999999999,999999999999
591,__stdio_exit,389,1712,8486914517,0,1,8334084,1712,99724752802.0,0.0,1.0,999999999999,999999999999,999999999999
